{"cameraMode":{"drawMode":0,"name":"Shaded","section":"Shading Mode"},"sceneLighting":false,"audioPlay":false,"sceneViewState":{"showFog":true,"showMaterialUpdate":false,"showSkybox":false,"showFlares":true,"showImageEffects":true,"showParticleSystems":true},"in2DMode":false,"pivot":{"x":0.0,"y":-0.2749999761581421,"z":-0.3145703673362732},"rotation":{"x":0.059360407292842868,"y":-0.4348255395889282,"z":0.02874077670276165,"w":0.8980969786643982},"size":1.4304277896881104,"orthographic":true}